{"cameraMode":{"drawMode":0,"name":"Shaded","section":"Shading Mode"},"sceneLighting":true,"audioPlay":false,"sceneViewState":{"m_AlwaysRefresh":false,"showFog":true,"showSkybox":true,"showFlares":true,"showImageEffects":true,"showParticleSystems":true,"showVisualEffectGraphs":true,"m_FxEnabled":true},"in2DMode":false,"pivot":{"x":370.0096130371094,"y":258.3602294921875,"z":252.7061767578125},"rotation":{"x":-0.0029999720863997938,"y":0.004796008579432964,"z":0.000014420077604881953,"w":0.9999828338623047},"size":543.6106567382813,"orthographic":false}